2017-08-01 14:06:40	Jason Isbell and The 400 Unit	The Nashville Sound	Last of My Kind
2017-08-01 14:11:02	Jason Isbell and The 400 Unit	The Nashville Sound	Cumberland Gap
2017-08-01 14:14:27	Jason Isbell and The 400 Unit	The Nashville Sound	Tupelo
2017-08-01 14:18:28	Jason Isbell and The 400 Unit	The Nashville Sound	White Man's World
2017-08-01 14:22:25	Jason Isbell and The 400 Unit	The Nashville Sound	If We Were Vampires
2017-08-01 14:26:01	Jason Isbell and The 400 Unit	The Nashville Sound	Anxiety
2017-08-01 14:32:57	Jason Isbell and The 400 Unit	The Nashville Sound	Molotov
2017-08-01 14:36:44	Jason Isbell and The 400 Unit	The Nashville Sound	Chaos and Clothes
2017-08-01 14:40:20	Jason Isbell and The 400 Unit	The Nashville Sound	Hope the High Road
2017-08-01 14:43:23	Jason Isbell and The 400 Unit	The Nashville Sound	Something to Love
2017-08-01 19:49:26	The Twang	Love It When I Feel Like This (UK Comm CD Album)	The Neighbour
2017-08-02 06:04:21	Scott Walker	Scott 3	Copenhagen
2017-08-02 06:06:41	Scott Walker	Scott 3	Rosemary
2017-08-02 06:10:00	Scott Walker	Scott 3	Big Louise
2017-08-02 06:13:07	Scott Walker	Scott 3	We Came Through
2017-08-02 06:15:03	Scott Walker	Scott 3	Butterfly
2017-08-02 06:16:42	Scott Walker	Scott 3	Two Ragged Soldiers
2017-08-02 06:19:48	Scott Walker	Scott 3	30 Century Man
2017-08-02 06:21:15	Scott Walker	Scott 3	Winter Night
2017-08-02 06:22:56	Scott Walker	Scott 3	Two Weeks Since You've Gone
2017-08-02 06:25:41	Scott Walker	Scott 3	Sons Of
2017-08-02 06:29:24	Scott Walker	Scott 3	Funeral Tango
2017-08-02 07:13:30	Rodney Crowell	Close Ties	Storm Warning
2017-08-02 07:18:08	Rodney Crowell	Close Ties	Nashville 1972
2017-08-02 07:22:01	The Jam	The Gift (Remastered Version)	Happy Together
2017-08-02 07:24:54	The Jam	The Gift (Remastered Version)	Ghosts
2017-08-02 07:27:06	The Jam	The Gift (Remastered Version)	Precious
2017-08-02 07:31:21	The Jam	The Gift (Remastered Version)	Just Who Is the 5 O'Clock Hero?
2017-08-02 07:33:37	The Jam	The Gift (Remastered Version)	Trans-Global Express
2017-08-02 07:37:36	The Jam	The Gift (Remastered Version)	Running on the Spot
2017-08-02 07:40:43	The Jam	The Gift (Remastered Version)	Circus (Instrumental)
2017-08-02 07:42:55	The Jam	The Gift (Remastered Version)	The Planner's Dream Goes Wrong
2017-08-02 07:45:14	The Jam	The Gift (Remastered Version)	Carnation
2017-08-02 07:48:42	The Jam	The Gift (Remastered Version)	Town Called Malice
2017-08-02 07:51:37	The Jam	The Gift (Remastered Version)	The Gift
2017-08-02 07:54:48	Bob Marley & The Wailers	Natty Dread (Remastered)	Lively Up Yourself
2017-08-02 08:16:16	Bob Marley & The Wailers	Natty Dread (Remastered)	No Woman, No Cry
2017-08-02 08:20:02	Bob Marley & The Wailers	Natty Dread (Remastered)	Them Belly Full (But We Hungry)
2017-08-02 08:23:15	Bob Marley & The Wailers	Natty Dread (Remastered)	Rebel Music (3 O'clock Roadblock)
2017-08-02 08:30:01	Bob Marley & The Wailers	Natty Dread (Remastered)	So Jah Seh
2017-08-02 08:34:29	Bob Marley & The Wailers	Natty Dread (Remastered)	Natty Dread
2017-08-02 08:38:05	Bob Marley & The Wailers	Natty Dread (Remastered)	Bend Down Low
2017-08-02 17:31:19	Allison Moorer	Down To Believing	Like It Used To Be
2017-08-02 17:34:40	Allison Moorer	Down To Believing	I Lost My Crystal Ball
2017-08-02 17:37:48	Shelby Lynne	Identity Crisis	Gotta Be Better
2017-08-02 17:40:39	Allison Moorer	Down To Believing	Down To Believing
2017-08-02 17:45:38	Allison Moorer	Down To Believing	Have You Ever Seen The Rain?
2017-08-02 17:48:21	Shelby Lynne	Identity Crisis	I Will Stay
2017-08-02 17:51:19	Shelby Lynne	Identity Crisis	I Don't Think So
2017-08-02 17:54:53	Allison Moorer	Down To Believing	Wish I
2017-08-02 17:59:21	Allison Moorer	Down To Believing	Back Of My Mind
2017-08-02 18:03:40	Shelby Lynne	Identity Crisis	I'm Alive
2017-08-02 18:07:15	Shelby Lynne	Identity Crisis	If I Were Smart
2017-08-02 18:10:50	Allison Moorer	Down To Believing	I'm Doing Fine
2017-08-02 18:13:58	Allison Moorer	Down To Believing	Mama Let The Wolf In
2017-08-02 18:17:20	Allison Moorer	Down To Believing	If I Were Stronger
2017-08-02 18:21:28	Shelby Lynne	Identity Crisis	Baby
2017-08-02 18:25:12	Shelby Lynne	Identity Crisis	Lonesome
2017-08-02 18:28:30	Shelby Lynne	Identity Crisis	Evil Man
2017-08-02 18:33:03	Shelby Lynne	Identity Crisis	10 Rocks
2017-08-02 18:35:49	Shelby Lynne	Identity Crisis	Telephone
2017-08-02 18:42:44	Allison Moorer	Down To Believing	Gonna Get It Wrong
2017-08-02 18:46:34	Shelby Lynne	Identity Crisis	Buttons And Beaus
2017-08-02 18:49:28	Allison Moorer	Down To Believing	Thunderstorm / Hurricane
2017-08-02 18:52:16	Shelby Lynne	Identity Crisis	One With The Sun
2017-08-03 07:53:00	Dwight Yoakam	Population: Me	The Late Great Golden State
2017-08-03 07:55:29	Spandau Ballet	Journeys To Glory (Special Edition)	To Cut a Long Story Short (2010 Remastered Version)
2017-08-03 07:58:48	Laura Cantrell	When The Roses Bloom Again	Wait
2017-08-03 08:02:12	Japan	Tin Drum	Ghosts (2003 Digital Remaster)
2017-08-03 08:06:48	The Passions	I'm In Love With A German Film Star	I'm in Love With a German Film Star
2017-08-03 08:10:48	Chip & Carrie	The New Bye & Bye	Wild Thing (Live Version)
2017-08-03 08:17:10	Elvis Costello	My Aim Is True (Deluxe Edition)	Watching the Detectives
2017-08-03 08:20:56	Lucinda Williams	Car Wheels On A Gravel Road	Right In Time
2017-08-03 08:25:33	Tift Merritt	Tambourine	Ain't Looking Closely
2017-08-03 08:29:57	Dixie Chicks	Fly	Ready to Run
2017-08-03 08:33:48	Men at Work	Business As Usual	Down Under
2017-08-03 08:37:30	Fleetwood Mac	Tusk	Tusk
2017-08-03 08:41:01	T. Rex	The Slider (The Visconti Master)	Telegram Sam (2012 Remaster)
2017-08-04 14:23:00	Jason Isbell and The 400 Unit	The Nashville Sound	Last of My Kind
2017-08-04 14:27:22	Jason Isbell and The 400 Unit	The Nashville Sound	Cumberland Gap
2017-08-04 14:30:48	Jason Isbell and The 400 Unit	The Nashville Sound	Tupelo
2017-08-04 14:34:48	Jason Isbell and The 400 Unit	The Nashville Sound	White Man's World
2017-08-04 14:38:45	Jason Isbell and The 400 Unit	The Nashville Sound	If We Were Vampires
2017-08-04 14:42:21	Jason Isbell and The 400 Unit	The Nashville Sound	Anxiety
2017-08-04 14:49:18	Jason Isbell and The 400 Unit	The Nashville Sound	Molotov
2017-08-04 14:53:05	Jason Isbell and The 400 Unit	The Nashville Sound	Chaos and Clothes
2017-08-04 14:56:41	Jason Isbell and The 400 Unit	The Nashville Sound	Hope the High Road
2017-08-04 14:59:44	Jason Isbell and The 400 Unit	The Nashville Sound	Something to Love
2017-08-04 16:38:04	It's Immaterial	Song	New Brighton
2017-08-04 16:43:54	It's Immaterial	Song	Endless Holiday
2017-08-04 16:49:29	It's Immaterial	Song	An Ordinary Life
2017-08-04 16:54:40	It's Immaterial	Song	Heaven Knows
2017-08-04 16:59:03	It's Immaterial	Song	In The Neighbourhood
2017-08-04 17:02:45	Justin Townes Earle	Kids In The Street	CHAMPAGNE COROLLA
2017-08-04 17:06:24	Justin Townes Earle	Kids In The Street	Maybe A Moment
2017-08-04 17:09:30	Justin Townes Earle	Kids In The Street	What's She Crying For
2017-08-04 17:13:23	Justin Townes Earle	Kids In The Street	15-25
2017-08-04 17:17:27	Justin Townes Earle	Kids In The Street	Kids In The Street
2017-08-04 17:21:20	Justin Townes Earle	Kids In The Street	Faded Valentine
2017-08-04 17:25:05	Justin Townes Earle	Kids In The Street	What's Goin' Wrong
2017-08-05 16:43:22	Alison Moyet	Other	I Germinate
2017-08-05 16:47:01	Alison Moyet	Other	Lover, Go
2017-08-05 16:51:04	Alison Moyet	Other	The English U
2017-08-05 16:56:08	Alison Moyet	Other	The Rarest Birds
2017-08-05 17:00:45	Alison Moyet	Other	Beautiful Gun
2017-08-05 17:03:56	Alison Moyet	Other	Reassuring Pinches
2017-08-05 17:07:56	Alison Moyet	Other	April 10th
2017-08-05 17:12:40	Alison Moyet	Other	Other
2017-08-05 17:16:11	Alison Moyet	Other	Happy Giddy
2017-08-05 17:19:28	Alison Moyet	Other	Alive
2017-08-06 20:47:12	Small Faces	Ultimate Collection	Itchycoo Park
2017-08-07 08:57:44	Pink Floyd	The Piper at the Gates of Dawn	Interstellar Overdrive (2011 Remastered Version)
2017-08-07 09:04:19	The Seeds	The Seeds	Can't Seem To Make You Mine
2017-08-07 09:07:24	The Pretty Things	S.F. Sorrow	Defecting Grey
2017-08-07 09:11:55	Jefferson Airplane	Surrealistic Pillow	White Rabbit
2017-08-07 09:14:26	Fifty Foot Hose	Cauldron	Red The Sign Post
2017-08-07 09:17:22	Cream	Disraeli Gears (Remastered)	Tales of Brave Ulysses
2017-08-07 09:20:10	Sly & The Family Stone	A Whole New Thing	Underdog
2017-08-07 09:24:08	Donovan	Sunshine Superman (Stereo Special Edition)	Sunshine Superman
2017-08-07 09:27:27	The Byrds	The Byrds	Lady Friend (Single Version)
2017-08-07 09:30:02	Scott McKenzie	San Francisco	San Francisco (Be Sure To Wear Flowers In Your Hair) (Single Version)
2017-08-07 09:33:00	The Chocolate Watch Band	Garage Band Classics	Are You Gonna Be There (At The Love-In)
2017-08-07 09:35:27	The Jimi Hendrix Experience	Electric Ladyland	Burning Of The Midnight Lamp
2017-08-07 09:39:07	Traffic	Mr. Fantasy	Paper Sun
2017-08-07 09:42:39	Eric Burdon & The Animals	Greatest Hits	San Franciscan Nights
2017-08-07 09:46:33	Soft Machine	The Soft Machine (Remastered And Expanded)	Feelin', Reelin', Squealin'
2017-08-07 09:49:23	The Incredible String Band	The 5000 Spirits or the Layers of the Onion	Way Back In the 1960s
2017-08-07 09:52:34	Family	Music in a Doll's House / Family Entertainment	Scene Through the Eye of a Lens (Bonus Track)
2017-08-07 15:49:01	David Bowie	Who Can I Be Now? [1974 - 1976]	Young Americans (2016 Remastered Version)
2017-08-07 15:54:15	David Bowie	Who Can I Be Now? [1974 - 1976]	Win (2016 Remastered Version)
2017-08-07 15:59:02	David Bowie	Who Can I Be Now? [1974 - 1976]	Fascination (2016 Remastered Version)
2017-08-07 16:04:50	David Bowie	Who Can I Be Now? [1974 - 1976]	Right (2016 Remastered Version)
2017-08-07 16:09:13	David Bowie	Who Can I Be Now? [1974 - 1976]	Somebody Up There Likes Me (2016 Remastered Version)
2017-08-07 16:15:50	David Bowie	Who Can I Be Now? [1974 - 1976]	Across The Universe (2016 Remastered Version)
2017-08-07 16:20:23	David Bowie	Who Can I Be Now? [1974 - 1976]	Can You Hear Me (2016 Remastered Version)
2017-08-07 16:25:33	David Bowie	Who Can I Be Now? [1974 - 1976]	Fame (2016 Remastered Version)
2017-08-07 17:45:18	The Redlands Palomino Company	Broken Carelessly	In These Lines
2017-08-07 17:49:48	The Redlands Palomino Company	Broken Carelessly	Solitary Strangers
2017-08-07 17:54:01	The Redlands Palomino Company	Broken Carelessly	Everything I'm Not
2017-08-07 17:57:14	The Redlands Palomino Company	Broken Carelessly	Broken Carelessly
2017-08-07 18:01:11	The Redlands Palomino Company	Broken Carelessly	Don't Ever Let Me Down
2017-08-07 18:04:50	The Redlands Palomino Company	Broken Carelessly	She Can Live Without You
2017-08-07 18:08:20	The Redlands Palomino Company	Broken Carelessly	Scattered Earth
2017-08-07 18:12:24	The Redlands Palomino Company	Broken Carelessly	Perfect Forever
2017-08-07 18:17:04	The Redlands Palomino Company	Broken Carelessly	Floorboard George
2017-08-07 18:21:13	The Redlands Palomino Company	Broken Carelessly	Swim
2017-08-07 18:25:40	The Redlands Palomino Company	Broken Carelessly	The Big Freeze
2017-08-08 09:01:52	Nick Heyward	Woodland Echoes	Love Is the Key by the Sea
2017-08-08 09:06:15	Nick Heyward	Woodland Echoes	Mountaintop
2017-08-08 09:09:43	Nick Heyward	Woodland Echoes	The Stars
2017-08-08 09:13:28	Nick Heyward	Woodland Echoes	Beautiful Morning
2017-08-08 09:17:57	Nick Heyward	Woodland Echoes	Who?
2017-08-08 09:21:05	Nick Heyward	Woodland Echoes	Forest of Love
2017-08-08 09:24:21	Nick Heyward	Woodland Echoes	Baby Blue Sky
2017-08-08 09:27:31	Nick Heyward	Woodland Echoes	I Can See Her
2017-08-08 09:30:40	Nick Heyward	Woodland Echoes	Perfect Sunday Sun
2017-08-08 09:33:56	Nick Heyward	Woodland Echoes	New Beginning
2017-08-08 09:37:28	Nick Heyward	Woodland Echoes	I Got A Lot
2017-08-08 09:40:58	Nick Heyward	Woodland Echoes	For Always
2017-08-08 14:47:30	Nick Heyward	Woodland Echoes	Love Is the Key by the Sea
2017-08-08 14:51:53	Nick Heyward	Woodland Echoes	Mountaintop
2017-08-08 14:55:20	Nick Heyward	Woodland Echoes	The Stars
2017-08-08 14:59:06	Nick Heyward	Woodland Echoes	Beautiful Morning
2017-08-08 15:03:33	Nick Heyward	Woodland Echoes	Who?
2017-08-08 15:06:42	Nick Heyward	Woodland Echoes	Forest of Love
2017-08-08 15:09:58	Nick Heyward	Woodland Echoes	Baby Blue Sky
2017-08-08 15:13:08	Nick Heyward	Woodland Echoes	I Can See Her
2017-08-08 15:16:17	Nick Heyward	Woodland Echoes	Perfect Sunday Sun
2017-08-08 15:19:33	Nick Heyward	Woodland Echoes	New Beginning
2017-08-08 15:23:04	Nick Heyward	Woodland Echoes	I Got A Lot
2017-08-08 15:26:35	Nick Heyward	Woodland Echoes	For Always
2017-08-08 16:26:07	Nick Heyward	Woodland Echoes	Love Is the Key by the Sea
2017-08-08 16:30:30	Nick Heyward	Woodland Echoes	Mountaintop
2017-08-08 16:33:57	Nick Heyward	Woodland Echoes	The Stars
2017-08-08 16:37:43	Nick Heyward	Woodland Echoes	Beautiful Morning
2017-08-08 16:42:11	Nick Heyward	Woodland Echoes	Who?
2017-08-08 16:45:19	Nick Heyward	Woodland Echoes	Forest of Love
2017-08-08 16:48:35	Nick Heyward	Woodland Echoes	Baby Blue Sky
2017-08-08 16:51:45	Nick Heyward	Woodland Echoes	I Can See Her
2017-08-08 16:54:54	Nick Heyward	Woodland Echoes	Perfect Sunday Sun
2017-08-08 16:58:11	Nick Heyward	Woodland Echoes	New Beginning
2017-08-08 17:01:42	Nick Heyward	Woodland Echoes	I Got A Lot
2017-08-08 17:05:12	Nick Heyward	Woodland Echoes	For Always
2017-08-28 18:23:49	Jeff Wayne	The War of the Worlds	The Eve of the War
2017-08-28 18:32:56	Jeff Wayne	The War of the Worlds	The Eve Of The War & Forever Autumn Medley
2017-08-28 18:37:58	Jeff Wayne	The War of the Worlds	Epilogue (Part 1)
2017-08-28 18:40:29	Jeff Wayne	The War of the Worlds	Epilogue (Part 2) (NASA)
2017-08-28 18:42:43	Jeff Wayne	The War of the Worlds	Horsell Common and the Heat Ray
2017-08-28 19:33:35	Jeff Wayne	The War of the Worlds	Forever Autumn
